name,evidence_role,published_role,citation,caveat,pred_brain_mouse,pred_spinal_cord_mouse,pred_liver_mouse,pred_heart_mouse,pred_kidney_mouse,validates_cns_tropism
AAV-BI30,task_mismatch_endothelial,CNS endothelial (brain/retina/spinal vasculature),"Krolak et al., Nat Cardiovasc Res 2022 (doi:10.1038/s44161-022-00046-4)",Tissue-level organ heads are not endothelium-specific,-0.15908317,-0.28080437,0.821363,-0.14640531,-0.19255313,False
AAV-F,retrospective_directionality,Strong murine CNS (astrocytes/neurons) vs AAV9; works in BALB/c,"Hanlon et al., Mol Ther Methods Clin Dev 2019 (doi:10.1016/j.omtm.2019.10.007)",,0.10333409,0.24991748,-1.1830573,0.3253706,0.39966446,False
AAV-MaCPNS1,exploratory_external_context,PNS-leaning in rodents; PNS+CNS in NHPs,"Chen et al., Neuron 2022 (doi:10.1016/j.neuron.2022.05.003)",,0.29779774,0.45899445,-2.9935412,0.17641653,-0.73488283,False
AAV-MaCPNS2,exploratory_external_context,PNS-leaning family member,"Chen et al., Neuron 2022 (doi:10.1016/j.neuron.2022.05.003)",,0.39705652,0.4433964,-2.4201367,0.071753696,-0.9907573,False
AAV-PHP.A,exploratory_external_context,CNS-related (review tables cite Deverman),"Deverman et al., Nat Biotechnol 2016; review tables e.g. doi:10.1016/j.omtm.2019.01.008",Confirm 7-mer against primary table before wet claims,-0.17877284,-0.07051398,-0.49375027,0.2255756,0.7577574,False
AAV-PHP.B,exploratory_external_context,CNS / brain enrichment after IV (Ly6a-dependent),"Deverman et al., Nat Biotechnol 2016 (doi:10.1038/nbt.3440)",,-0.15956828,0.051641345,-0.009681118,0.51066625,1.1524959,False
AAV-PHP.B2,exploratory_external_context,CNS-related CREATE enrichée variant,"Deverman et al., Nat Biotechnol 2016 (doi:10.1038/nbt.3440)",Confirm 7-mer against primary figure/table once more before wet claims,-0.82427156,-0.42254487,0.6053134,0.12159832,0.9672946,False
AAV-PHP.B4,exploratory_external_context,PHP.B-like neuron/astrocyte bias,"Ravindra Kumar et al., Nat Methods 2020 (doi:10.1038/s41592-020-0799-7)",,-0.09665154,0.10592053,-0.09492687,0.5641526,1.1559994,False
AAV-PHP.B5,exploratory_external_context,PHP.B-like neuron/astrocyte bias,"Ravindra Kumar et al., Nat Methods 2020 (doi:10.1038/s41592-020-0799-7)",,-0.09141538,0.081844755,-0.078146204,0.5753714,1.1359396,False
AAV-PHP.B6,exploratory_external_context,PHP.B-like neuron/astrocyte bias,"Ravindra Kumar et al., Nat Methods 2020 (doi:10.1038/s41592-020-0799-7)",,-0.13259143,0.05081916,-0.112596296,0.5420564,0.9320256,False
AAV-PHP.B7,exploratory_external_context,PHP.B-like neuron/astrocyte bias,"Ravindra Kumar et al., Nat Methods 2020 (doi:10.1038/s41592-020-0799-7)",,-0.9623461,-0.47429928,0.20629737,0.05466023,0.46084303,False
AAV-PHP.B8,exploratory_external_context,PHP.B-like neuron/astrocyte bias,"Ravindra Kumar et al., Nat Methods 2020 (doi:10.1038/s41592-020-0799-7)",,-0.5307797,-0.28406343,0.54326135,0.2855118,1.0975354,False
AAV-PHP.S,exploratory_external_context,PNS / DRG-leaning after IV,"Chan et al., Nat Neurosci 2017 (doi:10.1038/nn.4593)",Not a spinal-cord-specialist gold standard,0.23121421,0.17993441,0.61683065,0.49036804,0.84711564,False
AAV-PHP.V1,task_mismatch_endothelial,Brain vascular endothelium bias,"Ravindra Kumar et al., Nat Methods 2020 (doi:10.1038/s41592-020-0799-7)",,-0.773169,-0.40523607,0.5279213,0.15253934,1.1082906,False
AAV-PHP.V2,task_mismatch_endothelial,Similar vascular bias to PHP.V1,"Ravindra Kumar et al., Nat Methods 2020 (doi:10.1038/s41592-020-0799-7)",,-0.72469735,-0.3925476,0.45236978,0.17200947,1.1210082,False
AAV-PHP.eB,exploratory_external_context,Enhanced CNS; same 7-mer plus A587D/Q588G flanking,"Chan et al., Nat Neurosci 2017 (doi:10.1038/nn.4593)",Flanking mutations invisible to 7-mer encoder; identical scores to PHP.B,-0.15956828,0.051641345,-0.009681118,0.51066625,1.1524959,False
AAV-S,retrospective_directionality,Brain coverage similar to AAV9; strong peripheral transduction,"Hanlon et al., Mol Ther Methods Clin Dev 2019 (doi:10.1016/j.omtm.2019.10.007)",Weak CNS positive / near-parental control relative to AAV-F,0.17842114,0.24792323,-1.105307,0.23160414,0.059608996,False
AAV-Se1 core 7-mer,exploratory_external_context,Brain endothelium / low liver (W503A library context),"Giannelli et al., iScience 2024 (doi:10.1016/j.isci.2024.109777)",CONDITIONAL: GA flanks + W503A backbone; not pure WT-AAV9,-0.18769671,-0.26751047,0.82470906,0.018869223,0.41866094,False
AAV-Se2 core 7-mer,exploratory_external_context,Brain endothelium / low liver (W503A library context),"Giannelli et al., iScience 2024 (doi:10.1016/j.isci.2024.109777)",CONDITIONAL: GA flanks + W503A backbone; not pure WT-AAV9,-0.54468864,-0.3560615,0.12438679,0.23198886,0.9826369,False
AAV-X1,task_mismatch_endothelial,Brain endothelial tropism in rodents,"Chen et al., Nat Commun 2023 (doi:10.1038/s41467-023-38582-7)",X1.1+ VR-IV substitutions invisible to encoder,-0.0321428,-0.12091677,0.5339521,0.028816644,-0.17323062,False
AAV.CAP-Mac,exploratory_external_context,Marmoset-selected systemic CNS/vascular phenotypes (species-dependent),"Chuapoco et al., 2023; tabulated e.g. in related Nat Commun engineering tables",NHP labels != mouse Fit4Function organ heads,0.5576999,0.4561997,-0.4292552,0.3138034,-0.057100274,False
MyoAAV 1A,exploratory_external_context,Muscle family early member,"Tabebordbar et al., Cell 2021 (doi:10.1016/j.cell.2021.08.028) / related patent WO2022020616",Confirm naming against primary table; no muscle organ head,0.4119529,0.46317506,-2.2022686,0.12931332,-0.74063754,False
MyoAAV 2A,exploratory_external_context,Muscle tropism (mouse),"Tabebordbar et al., Cell 2021 (doi:10.1016/j.cell.2021.08.028); Addgene 224440",Flanking S586G/A587P/Q588G invisible; no muscle organ head in this repo,0.5026282,0.5588148,-2.921809,0.10392177,-1.0555023,False
MyoAAV 4A,exploratory_external_context,Muscle tropism (mouse and macaque),"Tabebordbar et al., Cell 2021 (doi:10.1016/j.cell.2021.08.028); Addgene 224448",Flanking mutations invisible; no muscle organ head,-0.45909247,-0.38995203,-1.9110835,-0.43345302,-0.7385243,False
MyoAAV 4B,exploratory_external_context,Muscle tropism (mouse and macaque),"Tabebordbar et al., Cell 2021 (doi:10.1016/j.cell.2021.08.028); Addgene 224449",Flanking mutations invisible; no muscle organ head,0.10847016,0.17421392,-1.7106154,-0.017010167,-0.54128,False
Varadi peptide NDVRAVS,exploratory_external_context,Human coronary artery endothelium (HCAEC) in vitro,"Varadi et al., PLoS One 2012 (doi:10.1371/journal.pone.0023101)",CONDITIONAL: AAV9 A589-proximal peptide display; some peptides originated in AAV2 libraries; in vitro only,0.1442022,0.22327271,-1.3869526,0.023876473,-0.32036296,False
Varadi peptide RGDLRVS,exploratory_external_context,Human coronary artery endothelium (HCAEC) in vitro,"Varadi et al., PLoS One 2012 (doi:10.1371/journal.pone.0023101)",CONDITIONAL: AAV9 A589-proximal peptide display; site/backbone not identical to Fit4Function; in vitro only,-0.18303387,-0.12920396,0.60182256,0.169964,0.43465596,False
Varadi peptide SLRSPPS,exploratory_external_context,Human coronary artery endothelium (HCAEC) in vitro,"Varadi et al., PLoS One 2012 (doi:10.1371/journal.pone.0023101)",CONDITIONAL: AAV9 A589-proximal peptide display; site/backbone not identical to Fit4Function; in vitro only,0.07044982,-0.0063293963,0.5848421,0.43638134,0.71774304,False
