candidate_id,track,candidate_sequence,structure_or_component,predicted_packaging,predicted_packaging_lower_bound,predicted_brain_proxy,predicted_spinal_cord_proxy,predicted_liver_proxy,predicted_heart_proxy,predicted_kidney_proxy,predicted_cns_proxy,predicted_off_target_proxy,ranking_score,predicted_specificity_index,brain_model_disagreement,spinal_model_disagreement,liver_model_disagreement,heart_model_disagreement,kidney_model_disagreement,selection_group,selection_rank,strict_conservative,model,model_version,run_version,notes,passes_brain_median,passes_spinal_median,passes_cns_median,passes_low_liver_median,passes_packaging_gate,endpoint_units,uncertainty_units,ranking_rule,validation_status,claim_limitations
VIRT_0406245,赛道四：递送载体设计,GKEKGGE,AAV9 (K449R) capsid; 7-mer insertion between VP1 residues 588 and 589,1.8848977,-0.6654811,0.21409759,0.28453168,-1.7041471,-0.026289606,-0.87546444,0.24931464,-0.450877,0.7988184,3.8730276,0.045909476,0.033551376,0.29609376,0.06321241,0.15331398,balanced,1,True,Ridge packaging model and five-seed shared-MLP organ ensemble,updated-5.0-frozen-baseline,ef17eefb811dbba942e8b9329f745bf8d5b7a78e,"Insertion is at the VR-VIII/588-589 site; no sequence-specific neutralization measurement, so antibody escape is not inferred.",True,True,True,True,True,log2 enrichment relative to dataset-specific denominator,ensemble standard deviation in endpoint log2 units,preserved source order; group-specific selection_rank,computational_hypothesis_only,"Retrospective computational diagnostics, not independent biological validation. Training-median flags are relative reference checks, not efficacy thresholds. Packaging residual bounds do not establish a per-candidate success probability."
VIRT_0021746,赛道四：递送载体设计,KKDGQEG,AAV9 (K449R) capsid; 7-mer insertion between VP1 residues 588 and 589,1.9387836,-0.61159515,0.069387354,0.15574151,-1.4830987,-0.16577718,-0.8207712,0.11256443,-0.4932742,0.66839343,3.022334,0.114892185,0.051256996,0.36622614,0.06111391,0.102018334,balanced,2,True,Ridge packaging model and five-seed shared-MLP organ ensemble,updated-5.0-frozen-baseline,ef17eefb811dbba942e8b9329f745bf8d5b7a78e,"Insertion is at the VR-VIII/588-589 site; no sequence-specific neutralization measurement, so antibody escape is not inferred.",True,True,True,True,True,log2 enrichment relative to dataset-specific denominator,ensemble standard deviation in endpoint log2 units,preserved source order; group-specific selection_rank,computational_hypothesis_only,"Retrospective computational diagnostics, not independent biological validation. Training-median flags are relative reference checks, not efficacy thresholds. Packaging residual bounds do not establish a per-candidate success probability."
VIRT_0448997,赛道四：递送载体设计,QGSGKEG,AAV9 (K449R) capsid; 7-mer insertion between VP1 residues 588 and 589,1.9561715,-0.5942073,0.11651877,0.12734513,-1.0255501,-0.11487184,-0.6251457,0.121931955,-0.37000877,0.48781368,2.2152693,0.13803382,0.112731166,0.3241803,0.07773148,0.04517928,balanced,3,True,Ridge packaging model and five-seed shared-MLP organ ensemble,updated-5.0-frozen-baseline,ef17eefb811dbba942e8b9329f745bf8d5b7a78e,"Insertion is at the VR-VIII/588-589 site; no sequence-specific neutralization measurement, so antibody escape is not inferred.",True,True,True,True,True,log2 enrichment relative to dataset-specific denominator,ensemble standard deviation in endpoint log2 units,preserved source order; group-specific selection_rank,computational_hypothesis_only,"Retrospective computational diagnostics, not independent biological validation. Training-median flags are relative reference checks, not efficacy thresholds. Packaging residual bounds do not establish a per-candidate success probability."
VIRT_0064588,赛道四：递送载体设计,QPKKEDG,AAV9 (K449R) capsid; 7-mer insertion between VP1 residues 588 and 589,1.7880325,-0.76234627,-0.028861914,0.03987307,-0.6748882,-0.1134115,-0.43563175,0.0055055786,-0.27452162,0.2935927,1.6025771,0.07099923,0.07010226,0.25642708,0.033638295,0.075062096,balanced,4,False,Ridge packaging model and five-seed shared-MLP organ ensemble,updated-5.0-frozen-baseline,ef17eefb811dbba942e8b9329f745bf8d5b7a78e,"Insertion is at the VR-VIII/588-589 site; no sequence-specific neutralization measurement, so antibody escape is not inferred.",True,True,True,False,True,log2 enrichment relative to dataset-specific denominator,ensemble standard deviation in endpoint log2 units,preserved source order; group-specific selection_rank,computational_hypothesis_only,"Retrospective computational diagnostics, not independent biological validation. Training-median flags are relative reference checks, not efficacy thresholds. Packaging residual bounds do not establish a per-candidate success probability."
VIRT_0120237,赛道四：递送载体设计,VKGKTDE,AAV9 (K449R) capsid; 7-mer insertion between VP1 residues 588 and 589,1.8367257,-0.7136531,-0.002469054,0.05688879,-0.56872874,-0.14497499,-0.65237415,0.027209867,-0.39867458,0.2910344,1.5114557,0.069395855,0.06031388,0.31731993,0.07586521,0.1382762,balanced,5,False,Ridge packaging model and five-seed shared-MLP organ ensemble,updated-5.0-frozen-baseline,ef17eefb811dbba942e8b9329f745bf8d5b7a78e,"Insertion is at the VR-VIII/588-589 site; no sequence-specific neutralization measurement, so antibody escape is not inferred.",True,True,True,False,True,log2 enrichment relative to dataset-specific denominator,ensemble standard deviation in endpoint log2 units,preserved source order; group-specific selection_rank,computational_hypothesis_only,"Retrospective computational diagnostics, not independent biological validation. Training-median flags are relative reference checks, not efficacy thresholds. Packaging residual bounds do not establish a per-candidate success probability."
VIRT_0122136,赛道四：递送载体设计,NPKRSEE,AAV9 (K449R) capsid; 7-mer insertion between VP1 residues 588 and 589,1.7848105,-0.76556826,-0.054576784,-0.0028279498,-0.46804613,-0.1413403,-0.44984716,-0.028702367,-0.29559374,0.21001883,1.3559874,0.046033848,0.046584625,0.23045096,0.046005696,0.0923289,balanced,6,False,Ridge packaging model and five-seed shared-MLP organ ensemble,updated-5.0-frozen-baseline,ef17eefb811dbba942e8b9329f745bf8d5b7a78e,"Insertion is at the VR-VIII/588-589 site; no sequence-specific neutralization measurement, so antibody escape is not inferred.",True,True,True,False,True,log2 enrichment relative to dataset-specific denominator,ensemble standard deviation in endpoint log2 units,preserved source order; group-specific selection_rank,computational_hypothesis_only,"Retrospective computational diagnostics, not independent biological validation. Training-median flags are relative reference checks, not efficacy thresholds. Packaging residual bounds do not establish a per-candidate success probability."
VIRT_0375913,赛道四：递送载体设计,TGNGGKV,AAV9 (K449R) capsid; 7-mer insertion between VP1 residues 588 and 589,1.8978128,-0.65256596,0.18264659,0.14919087,-0.15026058,0.12229623,-0.5368956,0.16591874,-0.20729968,0.16871457,1.245029,0.06543887,0.05379388,0.122936435,0.048112027,0.052889653,balanced,7,False,Ridge packaging model and five-seed shared-MLP organ ensemble,updated-5.0-frozen-baseline,ef17eefb811dbba942e8b9329f745bf8d5b7a78e,"Insertion is at the VR-VIII/588-589 site; no sequence-specific neutralization measurement, so antibody escape is not inferred.",True,True,True,False,True,log2 enrichment relative to dataset-specific denominator,ensemble standard deviation in endpoint log2 units,preserved source order; group-specific selection_rank,computational_hypothesis_only,"Retrospective computational diagnostics, not independent biological validation. Training-median flags are relative reference checks, not efficacy thresholds. Packaging residual bounds do not establish a per-candidate success probability."
VIRT_0493595,赛道四：递送载体设计,KGGNGTP,AAV9 (K449R) capsid; 7-mer insertion between VP1 residues 588 and 589,1.8090668,-0.741312,0.09083624,0.003261468,0.01753372,0.028733775,-0.47764477,0.047048856,-0.2244555,0.059926286,1.020669,0.070747994,0.07485362,0.12536474,0.074334286,0.105235554,balanced,8,False,Ridge packaging model and five-seed shared-MLP organ ensemble,updated-5.0-frozen-baseline,ef17eefb811dbba942e8b9329f745bf8d5b7a78e,"Insertion is at the VR-VIII/588-589 site; no sequence-specific neutralization measurement, so antibody escape is not inferred.",True,True,True,False,True,log2 enrichment relative to dataset-specific denominator,ensemble standard deviation in endpoint log2 units,preserved source order; group-specific selection_rank,computational_hypothesis_only,"Retrospective computational diagnostics, not independent biological validation. Training-median flags are relative reference checks, not efficacy thresholds. Packaging residual bounds do not establish a per-candidate success probability."
VIRT_0780364,赛道四：递送载体设计,HKAEGKA,AAV9 (K449R) capsid; 7-mer insertion between VP1 residues 588 and 589,1.8300362,-0.72034264,0.10309712,0.13547516,0.033395074,0.13879657,-0.28558695,0.119286135,-0.07339519,0.05666952,1.0613431,0.20924719,0.19096482,0.26001406,0.12229489,0.061697528,balanced,9,False,Ridge packaging model and five-seed shared-MLP organ ensemble,updated-5.0-frozen-baseline,ef17eefb811dbba942e8b9329f745bf8d5b7a78e,"Insertion is at the VR-VIII/588-589 site; no sequence-specific neutralization measurement, so antibody escape is not inferred.",True,True,True,False,True,log2 enrichment relative to dataset-specific denominator,ensemble standard deviation in endpoint log2 units,preserved source order; group-specific selection_rank,computational_hypothesis_only,"Retrospective computational diagnostics, not independent biological validation. Training-median flags are relative reference checks, not efficacy thresholds. Packaging residual bounds do not establish a per-candidate success probability."
VIRT_0801120,赛道四：递送载体设计,TTNGKAA,AAV9 (K449R) capsid; 7-mer insertion between VP1 residues 588 and 589,1.8237276,-0.7266512,0.15576829,0.0473159,0.14474992,0.059167374,-0.58182,0.10154209,-0.2613263,0.047296733,0.9704946,0.07690409,0.04896383,0.10323895,0.031052766,0.11578414,balanced,10,False,Ridge packaging model and five-seed shared-MLP organ ensemble,updated-5.0-frozen-baseline,ef17eefb811dbba942e8b9329f745bf8d5b7a78e,"Insertion is at the VR-VIII/588-589 site; no sequence-specific neutralization measurement, so antibody escape is not inferred.",True,True,True,False,True,log2 enrichment relative to dataset-specific denominator,ensemble standard deviation in endpoint log2 units,preserved source order; group-specific selection_rank,computational_hypothesis_only,"Retrospective computational diagnostics, not independent biological validation. Training-median flags are relative reference checks, not efficacy thresholds. Packaging residual bounds do not establish a per-candidate success probability."
VIRT_0884615,赛道四：递送载体设计,QQKDKQA,AAV9 (K449R) capsid; 7-mer insertion between VP1 residues 588 and 589,1.8251886,-0.72519016,0.3331379,0.30518484,-0.005037463,0.17805083,-0.5132202,0.31916136,-0.16758469,0.17890266,1.251969,0.07531359,0.037963834,0.06865545,0.05381882,0.055586237,cns_favoring,1,False,Ridge packaging model and five-seed shared-MLP organ ensemble,updated-5.0-frozen-baseline,ef17eefb811dbba942e8b9329f745bf8d5b7a78e,"Insertion is at the VR-VIII/588-589 site; no sequence-specific neutralization measurement, so antibody escape is not inferred.",True,True,True,False,True,log2 enrichment relative to dataset-specific denominator,ensemble standard deviation in endpoint log2 units,preserved source order; group-specific selection_rank,computational_hypothesis_only,"Retrospective computational diagnostics, not independent biological validation. Training-median flags are relative reference checks, not efficacy thresholds. Packaging residual bounds do not establish a per-candidate success probability."
VIRT_0037314,赛道四：递送载体设计,NGTGKGP,AAV9 (K449R) capsid; 7-mer insertion between VP1 residues 588 and 589,1.7916379,-0.7587409,0.3051746,0.18869488,-0.26908007,0.074069776,-0.58019865,0.24693474,-0.25306442,0.25591156,1.4299997,0.049425483,0.060303938,0.07654572,0.05863707,0.022409996,cns_favoring,2,False,Ridge packaging model and five-seed shared-MLP organ ensemble,updated-5.0-frozen-baseline,ef17eefb811dbba942e8b9329f745bf8d5b7a78e,"Insertion is at the VR-VIII/588-589 site; no sequence-specific neutralization measurement, so antibody escape is not inferred.",True,True,True,False,True,log2 enrichment relative to dataset-specific denominator,ensemble standard deviation in endpoint log2 units,preserved source order; group-specific selection_rank,computational_hypothesis_only,"Retrospective computational diagnostics, not independent biological validation. Training-median flags are relative reference checks, not efficacy thresholds. Packaging residual bounds do not establish a per-candidate success probability."
VIRT_0733807,赛道四：递送载体设计,VNKGKDE,AAV9 (K449R) capsid; 7-mer insertion between VP1 residues 588 and 589,1.8388534,-0.71152544,0.18371108,0.21958752,-1.2176299,-0.08327708,-0.89486456,0.20164931,-0.48907083,0.6147268,2.6745186,0.15616761,0.100211486,0.054839447,0.08160005,0.049800485,cns_favoring,3,True,Ridge packaging model and five-seed shared-MLP organ ensemble,updated-5.0-frozen-baseline,ef17eefb811dbba942e8b9329f745bf8d5b7a78e,"Insertion is at the VR-VIII/588-589 site; no sequence-specific neutralization measurement, so antibody escape is not inferred.",True,True,True,True,True,log2 enrichment relative to dataset-specific denominator,ensemble standard deviation in endpoint log2 units,preserved source order; group-specific selection_rank,computational_hypothesis_only,"Retrospective computational diagnostics, not independent biological validation. Training-median flags are relative reference checks, not efficacy thresholds. Packaging residual bounds do not establish a per-candidate success probability."
VIRT_0250163,赛道四：递送载体设计,GGKASQP,AAV9 (K449R) capsid; 7-mer insertion between VP1 residues 588 and 589,1.867506,-0.6828728,0.2352536,0.15269056,0.20866664,0.13512169,-0.29639852,0.19397208,-0.080638416,0.030381791,0.9898662,0.07872644,0.040547688,0.09010966,0.05856233,0.07848712,cns_favoring,4,False,Ridge packaging model and five-seed shared-MLP organ ensemble,updated-5.0-frozen-baseline,ef17eefb811dbba942e8b9329f745bf8d5b7a78e,"Insertion is at the VR-VIII/588-589 site; no sequence-specific neutralization measurement, so antibody escape is not inferred.",True,True,True,False,True,log2 enrichment relative to dataset-specific denominator,ensemble standard deviation in endpoint log2 units,preserved source order; group-specific selection_rank,computational_hypothesis_only,"Retrospective computational diagnostics, not independent biological validation. Training-median flags are relative reference checks, not efficacy thresholds. Packaging residual bounds do not establish a per-candidate success probability."
VIRT_0046147,赛道四：递送载体设计,GKKEGGV,AAV9 (K449R) capsid; 7-mer insertion between VP1 residues 588 and 589,1.8769741,-0.6734047,0.1459271,0.20553747,0.056031775,0.16388108,-0.26159754,0.17573228,-0.048858233,0.06924005,1.0865093,0.17303278,0.11339061,0.3623284,0.0491515,0.09355252,cns_favoring,5,False,Ridge packaging model and five-seed shared-MLP organ ensemble,updated-5.0-frozen-baseline,ef17eefb811dbba942e8b9329f745bf8d5b7a78e,"Insertion is at the VR-VIII/588-589 site; no sequence-specific neutralization measurement, so antibody escape is not inferred.",True,True,True,False,True,log2 enrichment relative to dataset-specific denominator,ensemble standard deviation in endpoint log2 units,preserved source order; group-specific selection_rank,computational_hypothesis_only,"Retrospective computational diagnostics, not independent biological validation. Training-median flags are relative reference checks, not efficacy thresholds. Packaging residual bounds do not establish a per-candidate success probability."
VIRT_0674110,赛道四：递送载体设计,KPNGSTA,AAV9 (K449R) capsid; 7-mer insertion between VP1 residues 588 and 589,1.8618445,-0.68853426,0.21643715,0.12418858,-0.04243331,0.09483602,-0.41678372,0.17031287,-0.16097385,0.123687215,1.158892,0.106228866,0.06980098,0.1201299,0.028082171,0.105937615,cns_favoring,6,False,Ridge packaging model and five-seed shared-MLP organ ensemble,updated-5.0-frozen-baseline,ef17eefb811dbba942e8b9329f745bf8d5b7a78e,"Insertion is at the VR-VIII/588-589 site; no sequence-specific neutralization measurement, so antibody escape is not inferred.",True,True,True,False,True,log2 enrichment relative to dataset-specific denominator,ensemble standard deviation in endpoint log2 units,preserved source order; group-specific selection_rank,computational_hypothesis_only,"Retrospective computational diagnostics, not independent biological validation. Training-median flags are relative reference checks, not efficacy thresholds. Packaging residual bounds do not establish a per-candidate success probability."
VIRT_0172875,赛道四：递送载体设计,LKNGASA,AAV9 (K449R) capsid; 7-mer insertion between VP1 residues 588 and 589,1.8000016,-0.7503772,0.23607664,0.09722526,0.4131259,0.10023785,-0.4601925,0.16665095,-0.17997733,-0.03360567,0.84295356,0.09638505,0.07890041,0.2024675,0.07077861,0.08281557,cns_favoring,7,False,Ridge packaging model and five-seed shared-MLP organ ensemble,updated-5.0-frozen-baseline,ef17eefb811dbba942e8b9329f745bf8d5b7a78e,"Insertion is at the VR-VIII/588-589 site; no sequence-specific neutralization measurement, so antibody escape is not inferred.",True,True,True,False,True,log2 enrichment relative to dataset-specific denominator,ensemble standard deviation in endpoint log2 units,preserved source order; group-specific selection_rank,computational_hypothesis_only,"Retrospective computational diagnostics, not independent biological validation. Training-median flags are relative reference checks, not efficacy thresholds. Packaging residual bounds do not establish a per-candidate success probability."
VIRT_0324177,赛道四：递送载体设计,QGGGSKV,AAV9 (K449R) capsid; 7-mer insertion between VP1 residues 588 and 589,1.7931147,-0.75726414,0.15864974,0.14624318,0.069203734,0.16510169,-0.25327426,0.15244646,-0.044086285,0.053196855,1.0593965,0.11019589,0.04625375,0.14912422,0.051331226,0.05501066,cns_favoring,8,False,Ridge packaging model and five-seed shared-MLP organ ensemble,updated-5.0-frozen-baseline,ef17eefb811dbba942e8b9329f745bf8d5b7a78e,"Insertion is at the VR-VIII/588-589 site; no sequence-specific neutralization measurement, so antibody escape is not inferred.",True,True,True,False,True,log2 enrichment relative to dataset-specific denominator,ensemble standard deviation in endpoint log2 units,preserved source order; group-specific selection_rank,computational_hypothesis_only,"Retrospective computational diagnostics, not independent biological validation. Training-median flags are relative reference checks, not efficacy thresholds. Packaging residual bounds do not establish a per-candidate success probability."
VIRT_0292763,赛道四：递送载体设计,NPSKTQA,AAV9 (K449R) capsid; 7-mer insertion between VP1 residues 588 and 589,1.7945471,-0.7558317,0.16984268,0.09939519,0.19055688,0.085685454,-0.26380357,0.13461894,-0.089059055,0.011695424,0.96196884,0.09016342,0.078882255,0.118381195,0.057156395,0.10202905,cns_favoring,9,False,Ridge packaging model and five-seed shared-MLP organ ensemble,updated-5.0-frozen-baseline,ef17eefb811dbba942e8b9329f745bf8d5b7a78e,"Insertion is at the VR-VIII/588-589 site; no sequence-specific neutralization measurement, so antibody escape is not inferred.",True,True,True,False,True,log2 enrichment relative to dataset-specific denominator,ensemble standard deviation in endpoint log2 units,preserved source order; group-specific selection_rank,computational_hypothesis_only,"Retrospective computational diagnostics, not independent biological validation. Training-median flags are relative reference checks, not efficacy thresholds. Packaging residual bounds do not establish a per-candidate success probability."
VIRT_0445785,赛道四：递送载体设计,HSKGSGA,AAV9 (K449R) capsid; 7-mer insertion between VP1 residues 588 and 589,1.8854609,-0.66491795,0.19574215,0.063193224,0.5907754,0.1843489,-0.14772591,0.12946768,0.018311493,-0.15217322,0.7263276,0.11996296,0.11413092,0.096765496,0.09987137,0.06332849,cns_favoring,10,False,Ridge packaging model and five-seed shared-MLP organ ensemble,updated-5.0-frozen-baseline,ef17eefb811dbba942e8b9329f745bf8d5b7a78e,"Insertion is at the VR-VIII/588-589 site; no sequence-specific neutralization measurement, so antibody escape is not inferred.",True,True,True,False,True,log2 enrichment relative to dataset-specific denominator,ensemble standard deviation in endpoint log2 units,preserved source order; group-specific selection_rank,computational_hypothesis_only,"Retrospective computational diagnostics, not independent biological validation. Training-median flags are relative reference checks, not efficacy thresholds. Packaging residual bounds do not establish a per-candidate success probability."
VIRT_0878801,赛道四：递送载体设计,KGDKNEG,AAV9 (K449R) capsid; 7-mer insertion between VP1 residues 588 and 589,1.7846222,-0.7657566,0.08860666,0.1682895,-1.7142708,-0.1419338,-0.8873275,0.12844808,-0.5146307,0.7607226,3.5868537,0.051455677,0.043636918,0.093556605,0.060613234,0.082479306,low_liver,1,True,Ridge packaging model and five-seed shared-MLP organ ensemble,updated-5.0-frozen-baseline,ef17eefb811dbba942e8b9329f745bf8d5b7a78e,"Insertion is at the VR-VIII/588-589 site; no sequence-specific neutralization measurement, so antibody escape is not inferred.",True,True,True,True,True,log2 enrichment relative to dataset-specific denominator,ensemble standard deviation in endpoint log2 units,preserved source order; group-specific selection_rank,computational_hypothesis_only,"Retrospective computational diagnostics, not independent biological validation. Training-median flags are relative reference checks, not efficacy thresholds. Packaging residual bounds do not establish a per-candidate success probability."
VIRT_0120124,赛道四：递送载体设计,SKDNKEG,AAV9 (K449R) capsid; 7-mer insertion between VP1 residues 588 and 589,1.8206367,-0.72974205,0.2092361,0.28405604,-1.6123555,-0.05310332,-0.90563613,0.24664608,-0.47936973,0.7711891,3.6275651,0.092193924,0.061970025,0.26744643,0.104912184,0.04006769,low_liver,2,True,Ridge packaging model and five-seed shared-MLP organ ensemble,updated-5.0-frozen-baseline,ef17eefb811dbba942e8b9329f745bf8d5b7a78e,"Insertion is at the VR-VIII/588-589 site; no sequence-specific neutralization measurement, so antibody escape is not inferred.",True,True,True,True,True,log2 enrichment relative to dataset-specific denominator,ensemble standard deviation in endpoint log2 units,preserved source order; group-specific selection_rank,computational_hypothesis_only,"Retrospective computational diagnostics, not independent biological validation. Training-median flags are relative reference checks, not efficacy thresholds. Packaging residual bounds do not establish a per-candidate success probability."
VIRT_0423559,赛道四：递送载体设计,GAKGGEG,AAV9 (K449R) capsid; 7-mer insertion between VP1 residues 588 and 589,2.0943308,-0.456048,0.15008023,0.14423624,-1.0887626,-0.10127175,-0.7772462,0.14715824,-0.43925896,0.5351399,2.3553164,0.05384065,0.046955913,0.108435914,0.076512195,0.06338279,low_liver,3,True,Ridge packaging model and five-seed shared-MLP organ ensemble,updated-5.0-frozen-baseline,ef17eefb811dbba942e8b9329f745bf8d5b7a78e,"Insertion is at the VR-VIII/588-589 site; no sequence-specific neutralization measurement, so antibody escape is not inferred.",True,True,True,True,True,log2 enrichment relative to dataset-specific denominator,ensemble standard deviation in endpoint log2 units,preserved source order; group-specific selection_rank,computational_hypothesis_only,"Retrospective computational diagnostics, not independent biological validation. Training-median flags are relative reference checks, not efficacy thresholds. Packaging residual bounds do not establish a per-candidate success probability."
VIRT_0264186,赛道四：递送载体设计,GKNHSEG,AAV9 (K449R) capsid; 7-mer insertion between VP1 residues 588 and 589,1.8046646,-0.7457142,0.0009470433,-0.0021761253,-0.790256,-0.16937491,-0.70916504,-0.000614541,-0.43926996,0.36416706,1.7286448,0.10313856,0.094110094,0.19947352,0.08098683,0.12256766,low_liver,4,False,Ridge packaging model and five-seed shared-MLP organ ensemble,updated-5.0-frozen-baseline,ef17eefb811dbba942e8b9329f745bf8d5b7a78e,"Insertion is at the VR-VIII/588-589 site; no sequence-specific neutralization measurement, so antibody escape is not inferred.",True,True,True,False,True,log2 enrichment relative to dataset-specific denominator,ensemble standard deviation in endpoint log2 units,preserved source order; group-specific selection_rank,computational_hypothesis_only,"Retrospective computational diagnostics, not independent biological validation. Training-median flags are relative reference checks, not efficacy thresholds. Packaging residual bounds do not establish a per-candidate success probability."
VIRT_0131220,赛道四：递送载体设计,GGRGGSE,AAV9 (K449R) capsid; 7-mer insertion between VP1 residues 588 and 589,1.790432,-0.7599468,-0.29360956,-0.24751826,-0.6406373,-0.363872,-0.65478176,-0.2705639,-0.5093269,0.20433468,1.2924186,0.125756,0.13373213,0.15859616,0.11261505,0.19909362,low_liver,5,False,Ridge packaging model and five-seed shared-MLP organ ensemble,updated-5.0-frozen-baseline,ef17eefb811dbba942e8b9329f745bf8d5b7a78e,"Insertion is at the VR-VIII/588-589 site; no sequence-specific neutralization measurement, so antibody escape is not inferred.",False,False,False,False,True,log2 enrichment relative to dataset-specific denominator,ensemble standard deviation in endpoint log2 units,preserved source order; group-specific selection_rank,computational_hypothesis_only,"Retrospective computational diagnostics, not independent biological validation. Training-median flags are relative reference checks, not efficacy thresholds. Packaging residual bounds do not establish a per-candidate success probability."
VIRT_0071974,赛道四：递送载体设计,QHNKKEE,AAV9 (K449R) capsid; 7-mer insertion between VP1 residues 588 and 589,1.7891712,-0.7612076,-0.15154746,-0.07335576,-0.59545887,-0.20045996,-0.5874895,-0.11245161,-0.39397472,0.23660234,1.3976539,0.20768373,0.18790467,0.19417499,0.16152307,0.106378146,low_liver,6,False,Ridge packaging model and five-seed shared-MLP organ ensemble,updated-5.0-frozen-baseline,ef17eefb811dbba942e8b9329f745bf8d5b7a78e,"Insertion is at the VR-VIII/588-589 site; no sequence-specific neutralization measurement, so antibody escape is not inferred.",False,False,False,False,True,log2 enrichment relative to dataset-specific denominator,ensemble standard deviation in endpoint log2 units,preserved source order; group-specific selection_rank,computational_hypothesis_only,"Retrospective computational diagnostics, not independent biological validation. Training-median flags are relative reference checks, not efficacy thresholds. Packaging residual bounds do not establish a per-candidate success probability."
VIRT_0126569,赛道四：递送载体设计,RPPKGDE,AAV9 (K449R) capsid; 7-mer insertion between VP1 residues 588 and 589,1.796299,-0.7540798,-0.2263581,-0.0449275,-0.50676835,-0.20858486,-0.2081112,-0.1356428,-0.20834804,0.15799928,1.2933614,0.117069945,0.09237336,0.20693068,0.073029734,0.06549771,low_liver,7,False,Ridge packaging model and five-seed shared-MLP organ ensemble,updated-5.0-frozen-baseline,ef17eefb811dbba942e8b9329f745bf8d5b7a78e,"Insertion is at the VR-VIII/588-589 site; no sequence-specific neutralization measurement, so antibody escape is not inferred.",False,False,False,False,True,log2 enrichment relative to dataset-specific denominator,ensemble standard deviation in endpoint log2 units,preserved source order; group-specific selection_rank,computational_hypothesis_only,"Retrospective computational diagnostics, not independent biological validation. Training-median flags are relative reference checks, not efficacy thresholds. Packaging residual bounds do not establish a per-candidate success probability."
VIRT_0684355,赛道四：递送载体设计,KKHNGDE,AAV9 (K449R) capsid; 7-mer insertion between VP1 residues 588 and 589,1.7990208,-0.75135803,-0.3994093,-0.28944033,-0.13811877,-0.30362755,-0.46813068,-0.3444248,-0.3858791,-0.029473774,0.8667537,0.07562705,0.090778835,0.095581,0.05399195,0.029362988,low_liver,8,False,Ridge packaging model and five-seed shared-MLP organ ensemble,updated-5.0-frozen-baseline,ef17eefb811dbba942e8b9329f745bf8d5b7a78e,"Insertion is at the VR-VIII/588-589 site; no sequence-specific neutralization measurement, so antibody escape is not inferred.",False,False,False,False,True,log2 enrichment relative to dataset-specific denominator,ensemble standard deviation in endpoint log2 units,preserved source order; group-specific selection_rank,computational_hypothesis_only,"Retrospective computational diagnostics, not independent biological validation. Training-median flags are relative reference checks, not efficacy thresholds. Packaging residual bounds do not establish a per-candidate success probability."
VIRT_0520688,赛道四：递送载体设计,TPKGGTP,AAV9 (K449R) capsid; 7-mer insertion between VP1 residues 588 and 589,2.1142006,-0.4361782,0.04683183,-0.01813826,0.017176354,0.013904767,-0.48582897,0.014346786,-0.2359621,0.04763675,0.9980406,0.089672014,0.05292007,0.16441838,0.03691121,0.13114987,low_liver,9,False,Ridge packaging model and five-seed shared-MLP organ ensemble,updated-5.0-frozen-baseline,ef17eefb811dbba942e8b9329f745bf8d5b7a78e,"Insertion is at the VR-VIII/588-589 site; no sequence-specific neutralization measurement, so antibody escape is not inferred.",True,False,False,False,True,log2 enrichment relative to dataset-specific denominator,ensemble standard deviation in endpoint log2 units,preserved source order; group-specific selection_rank,computational_hypothesis_only,"Retrospective computational diagnostics, not independent biological validation. Training-median flags are relative reference checks, not efficacy thresholds. Packaging residual bounds do not establish a per-candidate success probability."
VIRT_0208199,赛道四：递送载体设计,RAKREEE,AAV9 (K449R) capsid; 7-mer insertion between VP1 residues 588 and 589,1.7839885,-0.7663903,-0.9817778,-0.6410416,0.11752665,-0.555303,-0.61304855,-0.8114097,-0.58417577,-0.28943354,0.5252454,0.29229376,0.23380607,0.20254102,0.14242943,0.17335662,low_liver,10,False,Ridge packaging model and five-seed shared-MLP organ ensemble,updated-5.0-frozen-baseline,ef17eefb811dbba942e8b9329f745bf8d5b7a78e,"Insertion is at the VR-VIII/588-589 site; no sequence-specific neutralization measurement, so antibody escape is not inferred.",False,False,False,False,True,log2 enrichment relative to dataset-specific denominator,ensemble standard deviation in endpoint log2 units,preserved source order; group-specific selection_rank,computational_hypothesis_only,"Retrospective computational diagnostics, not independent biological validation. Training-median flags are relative reference checks, not efficacy thresholds. Packaging residual bounds do not establish a per-candidate success probability."
